{"last_ts": 1761236593.3607984, "day_kwh": 0.40718592048153834, "week_kwh": 0.40718592048153834, "month_kwh": 0.40718592048153834, "year_kwh": 0.40718592048153834, "last_day_reset": 1761174000.0, "last_week_reset": 1760918400.0, "last_month_reset": 1759276800.0, "last_year_reset": 1735689600.0}