{
  "last_seen_wifi": {
    "80:E4:BA:E1:0F:AF": 1761273706.897482,
    "48:A6:B8:DD:F0:46": 1761302653.694315,
    "64:9A:63:F3:01:9E": 1761302623.4631145,
    "A0:F3:C1:C9:FA:85": 1761302623.4631145,
    "38:42:0B:95:CD:66": 1761302653.694315,
    "34:3E:A4:F2:8A:BC": 1761302653.694315,
    "E2:42:AF:10:02:92": 1761302653.694315,
    "1E:A6:F7:5F:CB:F7": 1761302289.9441776,
    "E8:D8:7E:2F:36:A9": 1761302653.694315,
    "1C:4D:66:FF:FC:B9": 1761302653.694315,
    "14:91:38:9B:5C:E1": 1761302653.694315,
    "F8:17:2D:E7:D7:89": 1761302653.694315,
    "D8:BF:C0:FA:C3:2D": 1761302502.5674927,
    "14:0A:C5:E7:97:BB": 1761302653.694315,
    "BC:DF:58:E2:CD:BB": 1761302653.694315,
    "84:0D:8E:AD:AC:A2": 1761302653.694315,
    "C4:DD:57:07:81:74": 1761302229.4661176,
    "08:00:27:B6:8B:EB": 1761302653.694315,
    "38:42:0B:95:CF:A6": 1761302653.694315,
    "BC:DF:58:E2:D8:1A": 1761302653.694315,
    "82:B6:92:3F:46:6B": 1761302653.694315,
    "80:4A:F2:C4:AB:0E": 1761302653.694315,
    "64:9A:63:96:F8:E3": 1761302623.4631145,
    "10:4F:A8:4A:DB:57": 1761302653.694315,
    "C8:A3:62:52:8E:45": 1761302653.694315,
    "28:6A:BA:7D:21:3B": 1761302653.694315,
    "6C:5A:B0:2E:4E:63": 1761302653.694315,
    "7A:C5:E9:80:78:64": 1761302653.694315,
    "38:42:0B:B7:83:66": 1761302653.694315,
    "BC:DF:58:E2:D4:A5": 1761302653.694315,
    "30:89:4A:C4:79:6C": 1761302563.026018,
    "BC:9A:8E:C5:A5:47": 1761271342.1049302,
    "34:E6:E6:A8:2E:BC": 1761302653.694315,
    "44:3E:07:68:85:30": 1761302653.694315,
    "82:6C:CF:20:26:B9": 1761302471.8416567,
    "34:25:BE:A9:E3:76": 1761302653.694315,
    "F0:F0:A4:B2:B0:B7": 1761302653.694315,
    "08:00:27:56:A1:92": 1761302653.694315,
    "C2:D6:F6:26:7C:01": 1761302471.8416567,
    "BC:DF:58:E3:DA:F8": 1761302653.694315,
    "38:9D:92:C8:21:8B": 1761302229.4661176,
    "38:C9:86:58:D8:7F": 1761302653.694315,
    "08:00:27:40:9B:9E": 1761302653.694315,
    "C4:DD:57:02:1C:2E": 1761302563.026018,
    "90:98:77:DC:14:4E": 1761301759.3379788,
    "3C:5C:C4:B9:BA:14": 1761302653.694315,
    "BC:DD:C2:4C:3B:14": 1761302623.4631145,
    "A0:29:19:BE:13:45": 1761242613.7440667,
    "B8:27:EB:C9:B4:78": 1761302653.694315,
    "CA:37:88:89:27:6E": 1761302653.694315,
    "BC:DF:58:EF:5A:31": 1761302653.694315,
    "38:B4:D3:9C:83:DD": 1761302653.694315,
    "FC:67:1F:B1:F9:42": 1761302653.694315,
    "68:57:2D:82:BE:4F": 1761302653.694315,
    "FC:67:1F:B2:4D:F7": 1761302653.694315,
    "92:63:16:02:CB:F8": 1761302259.6712027,
    "FC:67:1F:B2:4D:9B": 1761302653.694315,
    "6A:27:13:DF:B6:52": 1761302653.694315,
    "C4:DD:57:02:30:CA": 1761302653.694315,
    "B8:06:0D:50:46:AC": 1761302593.2609317,
    "BE:80:47:8F:9F:78": 1761302653.694315,
    "68:57:2D:81:D5:29": 1761302563.026018,
    "9A:C1:BC:4B:7F:47": 1761288853.1862166,
    "B0:65:BD:22:5F:32": 1761301943.9050536,
    "68:57:2D:82:39:00": 1761302502.5674927,
    "2E:E2:97:9D:9A:CB": 1761302653.694315,
    "C4:DD:57:07:8C:2E": 1761302380.9812784,
    "1A:A6:F7:52:31:FA": 1761254201.0261524,
    "04:B8:6A:83:AB:89": 1761265860.4443305,
    "E6:09:1C:D9:ED:F8": 1761296687.6877592,
    "9C:C8:E9:A5:0A:B6": 1761295795.8841243,
    "44:3D:54:BE:BF:89": 1761302653.694315,
    "B0:8B:A8:AA:E4:E1": 1761256380.1922429,
    "2C:6D:C1:2E:E9:38": 1761302653.694315
  },
  "last_seen_person_wifi": {
    "archie": 1761302653.694315,
    "nick": 1761302653.694315,
    "susan": 1761302653.694315,
    "charlie": 1761302653.694315,
    "mo": 1761302653.694315,
    "tom": 1761302653.694315
  },
  "suggestions": {}
}